{
  "lrate_sgd": 0.001805548850921478,
  "n_episodes": 500,
  "weight_init": 0.0009645385153106551
}