{
  "lrate_hebb": 0.0006465041402795497,
  "lrate_sgd": 0.00023943308517365935,
  "n_episodes": 1000,
  "normaliser": 14.457024362531783,
  "sla": 1
}