{
  "lrate_sgd": 0.015011992513090112,
  "n_episodes": 500,
  "weight_init": 0.00040877451911214567
}