{
  "lrate_hebb": 0.0011058603275908218,
  "lrate_sgd": 0.07715910812730588,
  "n_episodes": 200,
  "normaliser": 4.480444927954955,
  "sla": 1
}