{
  "lrate_hebb": 0.0015490604485960584,
  "lrate_sgd": 0.0021756467194943437,
  "n_episodes": 500,
  "normaliser": 4.590236998466852,
  "sla": 0
}