{
  "lrate_sgd": 0.021481742103995224,
  "n_episodes": 1000,
  "weight_init": 0.0002506789189080628
}