{
  "lrate_hebb": 0.0030441326067013213,
  "lrate_sgd": 0.00014399393436827942,
  "n_episodes": 200,
  "normaliser": 18.129138334323642,
  "sla": 1
}