{
  "lrate_hebb": 0.0016713505878150354,
  "lrate_sgd": 0.09126256892785047,
  "n_episodes": 200,
  "normaliser": 14.037871879310226,
  "sla": 0
}