{
  "lrate_sgd": 0.06124008460181059,
  "n_episodes": 500,
  "weight_init": 0.00030657150598828377
}