{
  "lrate_sgd": 0.03431584297404078,
  "n_episodes": 200,
  "weight_init": 0.0004902036036744012
}