{
  "lrate_sgd": 0.01936954578109704,
  "n_episodes": 500,
  "weight_init": 0.0004480997976658063
}