{
  "lrate_sgd": 0.01270159477501891,
  "n_episodes": 500,
  "weight_init": 0.0005841033725021764
}