{
  "lrate_sgd": 0.05174756479073915,
  "n_episodes": 1000,
  "weight_init": 0.00015798815446100095
}