{
  "lrate_hebb": 0.0016746983147404371,
  "lrate_sgd": 0.010119282389640364,
  "n_episodes": 1000,
  "normaliser": 8.677236404961675,
  "sla": 0
}