{
  "lrate_hebb": 0.06446507202712656,
  "lrate_sgd": 0.0100056094820526,
  "n_episodes": 500,
  "normaliser": 12.007055848635067,
  "sla": 1
}