{
  "lrate_sgd": 0.05328442823083615,
  "n_episodes": 500,
  "weight_init": 0.0007202825690806465
}