{
  "lrate_sgd": 0.0031885080463650976,
  "n_episodes": 500,
  "weight_init": 0.0002144661826957365
}