{
  "lrate_sgd": 0.0035731156131690177,
  "n_episodes": 1000,
  "weight_init": 0.0002064572328121432
}