{
  "lrate_hebb": 0.00663210872510024,
  "lrate_sgd": 0.06941187352976172,
  "n_episodes": 500,
  "normaliser": 14.766065470518226,
  "sla": 0
}