{
  "lrate_sgd": 0.05499562810312923,
  "n_episodes": 500,
  "weight_init": 0.00026374471827506047
}