{
  "lrate_sgd": 0.0034245705115201895,
  "n_episodes": 200,
  "weight_init": 0.00048168402455614083
}