{
  "lrate_hebb": 0.0022680830983869836,
  "lrate_sgd": 0.016665841528137455,
  "n_episodes": 1000,
  "normaliser": 10.444672451235968,
  "sla": 0
}