{
  "lrate_hebb": 0.00038835703013068623,
  "lrate_sgd": 0.0005506926483009078,
  "n_episodes": 200,
  "normaliser": 10.876960857669754,
  "sla": 0
}