{
  "lrate_sgd": 0.005283642645399934,
  "n_episodes": 500,
  "weight_init": 0.0003972163998499367
}