{
  "lrate_sgd": 0.014824954277601653,
  "n_episodes": 1000,
  "weight_init": 0.00041120182153550226
}