{
  "lrate_hebb": 0.0004702680209222059,
  "lrate_sgd": 0.00010616499792095385,
  "n_episodes": 200,
  "normaliser": 14.064087734474434,
  "sla": 0
}