{
  "lrate_hebb": 0.0001384115981391849,
  "lrate_sgd": 0.0006582660099604693,
  "n_episodes": 1000,
  "normaliser": 10.875647979417245,
  "sla": 1
}