{
  "lrate_hebb": 0.0015997825517581284,
  "lrate_sgd": 0.00269727058598864,
  "n_episodes": 200,
  "normaliser": 16.06950003956976,
  "sla": 1
}