{
  "lrate_sgd": 0.003392600997188534,
  "n_episodes": 1000,
  "weight_init": 0.00023083711393858205
}