{
  "lrate_sgd": 0.028654525554349154,
  "n_episodes": 200,
  "weight_init": 0.00011084209544196379
}