{
  "lrate_hebb": 0.006828911405032062,
  "lrate_sgd": 0.0037747158909610334,
  "n_episodes": 1000,
  "normaliser": 3.843329497788122,
  "sla": 1
}