{
  "lrate_hebb": 0.042636769168489214,
  "lrate_sgd": 0.056046182725993675,
  "n_episodes": 200,
  "normaliser": 12.827839982085862,
  "sla": 1
}