{
  "lrate_hebb": 0.007460647534802566,
  "lrate_sgd": 0.02285981009558518,
  "n_episodes": 1000,
  "normaliser": 13.645730302023804,
  "sla": 0
}