{
  "lrate_hebb": 0.002559871534004472,
  "lrate_sgd": 0.0023794518022985664,
  "n_episodes": 1000,
  "normaliser": 1.0649381926791461,
  "sla": 0
}