{
  "lrate_hebb": 0.0730572301407857,
  "lrate_sgd": 0.004507680814943983,
  "n_episodes": 1000,
  "normaliser": 10.031388801781196,
  "sla": 0
}