{
  "lrate_sgd": 0.0023674953919785267,
  "n_episodes": 200,
  "weight_init": 0.0007580213148673342
}