{
  "lrate_hebb": 0.0022200305425425404,
  "lrate_sgd": 0.0014747302489750594,
  "n_episodes": 500,
  "normaliser": 5.114205138150754,
  "sla": 1
}