{
  "lrate_sgd": 0.019459693885654012,
  "n_episodes": 1000,
  "weight_init": 0.0003167277593799543
}