{
  "lrate_hebb": 0.010385815733739569,
  "lrate_sgd": 0.005809796969904786,
  "n_episodes": 500,
  "normaliser": 1.3031611738612507,
  "sla": 0
}