{
  "lrate_sgd": 0.01436328639250527,
  "n_episodes": 200,
  "weight_init": 0.00044416148431035424
}