{
  "lrate_hebb": 0.04259189634480048,
  "lrate_sgd": 0.006370458719655138,
  "n_episodes": 200,
  "normaliser": 14.127128383273973,
  "sla": 1
}