{
  "lrate_sgd": 0.025488936243906885,
  "n_episodes": 1000,
  "weight_init": 0.00011011563411051233
}