{
  "lrate_sgd": 0.0030747636157190425,
  "n_episodes": 200,
  "weight_init": 0.0008337030083546505
}