{
  "lrate_hebb": 0.025235419501823418,
  "lrate_sgd": 0.0003163679204516994,
  "n_episodes": 500,
  "normaliser": 2.5513874539057135,
  "sla": 0
}