{
  "lrate_hebb": 0.0014631298271109178,
  "lrate_sgd": 0.0010921361241912262,
  "n_episodes": 200,
  "normaliser": 13.42438102301253,
  "sla": 1
}