{
  "lrate_hebb": 0.0003641827210595711,
  "lrate_sgd": 0.00790622784836921,
  "n_episodes": 200,
  "normaliser": 19.66464624275445,
  "sla": 1
}