{
  "lrate_sgd": 0.02167223040495144,
  "n_episodes": 200,
  "weight_init": 0.00032395480202528136
}