{
  "lrate_sgd": 0.0016473898758725643,
  "n_episodes": 500,
  "weight_init": 0.00020181463169392257
}