{
  "lrate_sgd": 0.00152925080465843,
  "n_episodes": 200,
  "weight_init": 0.000974648265558285
}