{
  "lrate_hebb": 0.0036245069336557616,
  "lrate_sgd": 0.0009471827381088406,
  "n_episodes": 1000,
  "normaliser": 15.126393257947893,
  "sla": 1
}