{
  "lrate_sgd": 0.01638316677559498,
  "n_episodes": 500,
  "weight_init": 0.00018610642807301026
}