{
  "lrate_hebb": 0.02982196894993112,
  "lrate_sgd": 0.025300705277042344,
  "n_episodes": 200,
  "normaliser": 13.887775201898066,
  "sla": 0
}