{
  "lrate_sgd": 0.08982246650168302,
  "n_episodes": 500,
  "weight_init": 0.00011599135400535209
}