{
  "lrate_hebb": 0.0030449869508216406,
  "lrate_sgd": 0.004451658169670599,
  "n_episodes": 500,
  "normaliser": 10.498253729530797,
  "sla": 1
}