{
  "lrate_hebb": 0.003478799409045437,
  "lrate_sgd": 0.005792390419996844,
  "n_episodes": 200,
  "normaliser": 3.8230819893513015,
  "sla": 0
}