{
  "lrate_hebb": 0.0007419187580972564,
  "lrate_sgd": 0.041677379984208514,
  "n_episodes": 1000,
  "normaliser": 12.577087070976587,
  "sla": 1
}