{
  "lrate_hebb": 0.018086818855948924,
  "lrate_sgd": 0.025229777608180712,
  "n_episodes": 200,
  "normaliser": 18.12116485118479,
  "sla": 1
}