{
  "lrate_sgd": 0.014437718911974467,
  "n_episodes": 500,
  "weight_init": 0.00018508491296617016
}