{
  "lrate_hebb": 0.03839602176461284,
  "lrate_sgd": 0.00025998439110983457,
  "n_episodes": 200,
  "normaliser": 10.077012088782704,
  "sla": 1
}