{
  "lrate_hebb": 0.07627986736743457,
  "lrate_sgd": 0.0018625603313680169,
  "n_episodes": 500,
  "normaliser": 18.044708854874695,
  "sla": 0
}