{
  "lrate_sgd": 0.012039450715178803,
  "n_episodes": 500,
  "weight_init": 0.00045659497259100204
}