{
  "lrate_hebb": 0.05866039330476119,
  "lrate_sgd": 0.0013747140182675643,
  "n_episodes": 200,
  "normaliser": 14.888023829606642,
  "sla": 0
}