{
  "lrate_sgd": 0.004487257085570174,
  "n_episodes": 500,
  "weight_init": 0.00010704116072071618
}