{
  "lrate_sgd": 0.017507768721900716,
  "n_episodes": 200,
  "weight_init": 0.00012265008921665685
}