{
  "lrate_sgd": 0.01250352937958751,
  "n_episodes": 200,
  "weight_init": 0.00011054261087814778
}