{
  "lrate_sgd": 0.002524554308214329,
  "n_episodes": 200,
  "weight_init": 0.0002628235468194357
}