{
  "lrate_sgd": 0.0024183337590164998,
  "n_episodes": 1000,
  "weight_init": 0.00034139335641734627
}