{
  "lrate_sgd": 0.08544346652635816,
  "n_episodes": 500,
  "weight_init": 0.00025201562091931175
}