{
  "lrate_sgd": 0.003478701847481515,
  "n_episodes": 200,
  "weight_init": 0.00024145164791595036
}