{
  "lrate_sgd": 0.0016751061728342306,
  "n_episodes": 200,
  "weight_init": 0.0004581037603298682
}