{
  "lrate_hebb": 0.00013209425443811855,
  "lrate_sgd": 0.002901235473004855,
  "n_episodes": 500,
  "normaliser": 18.73659281359735,
  "sla": 0
}