{
  "lrate_hebb": 0.005013015952134608,
  "lrate_sgd": 0.07271104416341002,
  "n_episodes": 500,
  "normaliser": 16.49379801247437,
  "sla": 0
}