{
  "lrate_hebb": 0.0001312788458311752,
  "lrate_sgd": 0.00565092678961455,
  "n_episodes": 500,
  "normaliser": 19.820882374991115,
  "sla": 1
}