{
  "lrate_sgd": 0.028804957031287798,
  "n_episodes": 500,
  "weight_init": 0.0002821869247456046
}