{
  "lrate_hebb": 0.041908758156746787,
  "lrate_sgd": 0.009294511672545898,
  "n_episodes": 1000,
  "normaliser": 15.946624707983922,
  "sla": 0
}