{
  "lrate_sgd": 0.09149967961737156,
  "n_episodes": 1000,
  "weight_init": 0.00017401156223136483
}