{
  "lrate_hebb": 0.0006403393882047192,
  "lrate_sgd": 0.00045251545028824567,
  "n_episodes": 1000,
  "normaliser": 14.66727799072548,
  "sla": 1
}