{
  "lrate_sgd": 0.0026932309300292247,
  "n_episodes": 200,
  "weight_init": 0.00010464217097127448
}