{
  "lrate_sgd": 0.0167613289749552,
  "n_episodes": 200,
  "weight_init": 0.00013504647219503112
}