{
  "lrate_sgd": 0.0013632383873903838,
  "n_episodes": 500,
  "weight_init": 0.00042196900581453924
}