{
  "lrate_hebb": 0.0002957107984644245,
  "lrate_sgd": 0.013447723587449145,
  "n_episodes": 500,
  "normaliser": 15.56734423541691,
  "sla": 0
}