{
  "lrate_sgd": 0.05819033345494178,
  "n_episodes": 1000,
  "weight_init": 0.00016400961285455872
}