{
  "lrate_sgd": 0.017754649976460077,
  "n_episodes": 1000,
  "weight_init": 0.00016523566491522071
}