{
  "lrate_hebb": 0.01160112240455782,
  "lrate_sgd": 0.022196914484932315,
  "n_episodes": 1000,
  "normaliser": 8.841850547350898,
  "sla": 0
}