{
  "lrate_sgd": 0.08067793465890064,
  "n_episodes": 1000,
  "weight_init": 0.0003983806196170556
}