{
  "lrate_sgd": 0.016238692808146802,
  "n_episodes": 1000,
  "weight_init": 0.00016166286302099974
}