{
  "lrate_sgd": 0.04103782226050393,
  "n_episodes": 200,
  "weight_init": 0.0006285975705397348
}