{
  "lrate_sgd": 0.02297719617503729,
  "n_episodes": 200,
  "weight_init": 0.0009388912282497503
}