{
  "lrate_hebb": 0.0015091406874567293,
  "lrate_sgd": 0.003638524978666491,
  "n_episodes": 500,
  "normaliser": 10.285338890299366,
  "sla": 0
}