{
  "lrate_sgd": 0.014933002957384617,
  "n_episodes": 500,
  "weight_init": 0.0008257811071645856
}