{
  "lrate_sgd": 0.0048013753419610845,
  "n_episodes": 200,
  "weight_init": 0.00013856299407294145
}