{
  "lrate_sgd": 0.007573955289623846,
  "n_episodes": 1000,
  "weight_init": 0.0008224297133244821
}