{
  "lrate_hebb": 0.0034149018938413197,
  "lrate_sgd": 0.0012183518609546829,
  "n_episodes": 200,
  "normaliser": 13.47155344983637,
  "sla": 1
}