{
  "lrate_sgd": 0.0055119570517578155,
  "n_episodes": 1000,
  "weight_init": 0.0002686975166269661
}