{
  "lrate_sgd": 0.003712290963892413,
  "n_episodes": 200,
  "weight_init": 0.00010796609409470649
}