{
  "lrate_sgd": 0.05084707460665038,
  "n_episodes": 200,
  "weight_init": 0.00018110300156001444
}