{
  "lrate_sgd": 0.01943133131187902,
  "n_episodes": 500,
  "weight_init": 0.0001051734883291254
}