{
  "lrate_sgd": 0.003925141220288315,
  "n_episodes": 500,
  "weight_init": 0.00012145958100597258
}