{
  "lrate_hebb": 0.0005508685438853582,
  "lrate_sgd": 0.004092181235261813,
  "n_episodes": 500,
  "normaliser": 14.109065312193788,
  "sla": 1
}