{
  "lrate_sgd": 0.039703761583266155,
  "n_episodes": 500,
  "weight_init": 0.00028210663756023053
}