{
  "lrate_hebb": 0.014240669169652368,
  "lrate_sgd": 0.030455108489381037,
  "n_episodes": 200,
  "normaliser": 3.524252059422673,
  "sla": 0
}