{
  "lrate_sgd": 0.0014114931071884434,
  "n_episodes": 200,
  "weight_init": 0.0001439982951226389
}