{
  "lrate_hebb": 0.0070197830667640335,
  "lrate_sgd": 0.09211417228622981,
  "n_episodes": 200,
  "normaliser": 18.29624607818322,
  "sla": 0
}