{
  "lrate_hebb": 0.00015865848645533852,
  "lrate_sgd": 0.004792265847795176,
  "n_episodes": 200,
  "normaliser": 15.814434051922602,
  "sla": 0
}