{
  "lrate_hebb": 0.016280489456634666,
  "lrate_sgd": 0.0017865493139820954,
  "n_episodes": 1000,
  "normaliser": 17.066528351966987,
  "sla": 1
}