{
  "lrate_sgd": 0.0028138359842869317,
  "n_episodes": 1000,
  "weight_init": 0.00010341111620499938
}