{
  "lrate_hebb": 0.0032404267094225175,
  "lrate_sgd": 0.0015540802772218286,
  "n_episodes": 1000,
  "normaliser": 4.016186770217488,
  "sla": 0
}