{
  "lrate_hebb": 0.08321845414661744,
  "lrate_sgd": 0.01454096907846699,
  "n_episodes": 200,
  "normaliser": 16.04873569049913,
  "sla": 0
}