{
  "lrate_hebb": 0.00016341192082121105,
  "lrate_sgd": 0.019073862630465902,
  "n_episodes": 500,
  "normaliser": 18.538374976084263,
  "sla": 0
}