{
  "lrate_sgd": 0.03248389820534205,
  "n_episodes": 1000,
  "weight_init": 0.0009638432926971608
}