{
  "lrate_sgd": 0.0010387887137671425,
  "n_episodes": 500,
  "weight_init": 0.0003464848232851588
}