{
  "lrate_sgd": 0.017548593392521877,
  "n_episodes": 1000,
  "weight_init": 0.0004728959339352244
}