{
  "lrate_hebb": 0.02269831212785292,
  "lrate_sgd": 0.026129648602507757,
  "n_episodes": 500,
  "normaliser": 17.635485969453317,
  "sla": 1
}