{
  "lrate_hebb": 0.0006540238249661814,
  "lrate_sgd": 0.000790162760219384,
  "n_episodes": 500,
  "normaliser": 4.830905701076558,
  "sla": 1
}