{
  "lrate_sgd": 0.026365840194786872,
  "n_episodes": 1000,
  "weight_init": 0.000964454254213029
}