{
  "lrate_hebb": 0.020630390741321395,
  "lrate_sgd": 0.00010289109249093914,
  "n_episodes": 200,
  "normaliser": 17.031022315038534,
  "sla": 1
}