{
  "lrate_sgd": 0.028236643529984083,
  "n_episodes": 1000,
  "weight_init": 0.0002496557615507994
}