{
  "lrate_sgd": 0.002254990125091562,
  "n_episodes": 500,
  "weight_init": 0.00022680055480639257
}