{
  "lrate_hebb": 0.05263453168284788,
  "lrate_sgd": 0.012845497581595868,
  "n_episodes": 1000,
  "normaliser": 3.7896164053125605,
  "sla": 1
}