{
  "lrate_sgd": 0.007688177148917849,
  "n_episodes": 200,
  "weight_init": 0.0005944407489354774
}