{
  "lrate_hebb": 0.0008912591199372871,
  "lrate_sgd": 0.01572954450341219,
  "n_episodes": 500,
  "normaliser": 18.88386899297414,
  "sla": 0
}