{
  "lrate_hebb": 0.0007995048814013094,
  "lrate_sgd": 0.00020867278290544493,
  "n_episodes": 1000,
  "normaliser": 6.291273924768561,
  "sla": 0
}