{
  "lrate_hebb": 0.07836212031469651,
  "lrate_sgd": 0.0001304606457707141,
  "n_episodes": 500,
  "normaliser": 1.7201162587817294,
  "sla": 1
}