{
  "lrate_sgd": 0.022272244413444175,
  "n_episodes": 200,
  "weight_init": 0.00017312965974940282
}