{
  "lrate_sgd": 0.0020311891797498943,
  "n_episodes": 1000,
  "weight_init": 0.000639244225050489
}