{
  "lrate_hebb": 0.0032015306751446383,
  "lrate_sgd": 0.08388505457244708,
  "n_episodes": 1000,
  "normaliser": 3.9333165119612676,
  "sla": 0
}