{
  "lrate_sgd": 0.00834497586487945,
  "n_episodes": 1000,
  "weight_init": 0.0002377822431750332
}