{
  "lrate_hebb": 0.001211354399511801,
  "lrate_sgd": 0.0009290888810393951,
  "n_episodes": 500,
  "normaliser": 6.7016482598209635,
  "sla": 1
}