{
  "lrate_sgd": 0.004915031904592602,
  "n_episodes": 200,
  "weight_init": 0.0006915817307847317
}