{
  "lrate_sgd": 0.0026657080782719273,
  "n_episodes": 200,
  "weight_init": 0.00011352327298746303
}