{
  "lrate_sgd": 0.0627233214294184,
  "n_episodes": 1000,
  "weight_init": 0.0004429371760256109
}