{
  "lrate_hebb": 0.02394301775238887,
  "lrate_sgd": 0.00026170911342464186,
  "n_episodes": 1000,
  "normaliser": 5.525909850461358,
  "sla": 1
}