{
  "lrate_sgd": 0.05394373049510658,
  "n_episodes": 200,
  "weight_init": 0.0006326636314329035
}