{
  "lrate_sgd": 0.013233926625534399,
  "n_episodes": 200,
  "weight_init": 0.0002895815295280513
}