{
  "lrate_sgd": 0.0033437307696682797,
  "n_episodes": 1000,
  "weight_init": 0.00012516189253175387
}