{
  "lrate_sgd": 0.0013935094442415704,
  "n_episodes": 1000,
  "weight_init": 0.0001304580146676264
}