{
  "lrate_hebb": 0.005888323039931126,
  "lrate_sgd": 0.0007035350985435772,
  "n_episodes": 1000,
  "normaliser": 14.13348511298812,
  "sla": 0
}