{
  "lrate_sgd": 0.001103974030199623,
  "n_episodes": 200,
  "weight_init": 0.0003788250204785468
}