{
  "lrate_sgd": 0.0010828465109486774,
  "n_episodes": 200,
  "weight_init": 0.00018467183854209676
}