{
  "lrate_sgd": 0.013200355419130474,
  "n_episodes": 1000,
  "weight_init": 0.00046095680741398517
}