{
  "lrate_hebb": 0.06114855134401394,
  "lrate_sgd": 0.0011598472418645333,
  "n_episodes": 500,
  "normaliser": 6.444542513822859,
  "sla": 1
}