{
  "lrate_hebb": 0.02581676142920079,
  "lrate_sgd": 0.056919516988344104,
  "n_episodes": 500,
  "normaliser": 12.388197800113483,
  "sla": 0
}