{
  "lrate_sgd": 0.006954613850022573,
  "n_episodes": 200,
  "weight_init": 0.00022393032195367128
}