{
  "lrate_hebb": 0.00046338842695639923,
  "lrate_sgd": 0.0011996503544591584,
  "n_episodes": 200,
  "normaliser": 6.17077076205775,
  "sla": 0
}