{
  "lrate_sgd": 0.003041474096616851,
  "n_episodes": 1000,
  "weight_init": 0.0007252752356058978
}