{
  "lrate_sgd": 0.09175191440219542,
  "n_episodes": 500,
  "weight_init": 0.0006208767035564034
}