{
  "lrate_hebb": 0.0001782944159817835,
  "lrate_sgd": 0.00032347969251475794,
  "n_episodes": 1000,
  "normaliser": 15.060362445105147,
  "sla": 0
}