{
  "lrate_sgd": 0.048002671444634916,
  "n_episodes": 1000,
  "weight_init": 0.0002710813793054473
}