{
  "lrate_hebb": 0.007917581273530169,
  "lrate_sgd": 0.0001365092165032722,
  "n_episodes": 200,
  "normaliser": 15.456151225425293,
  "sla": 1
}