{
  "lrate_sgd": 0.050419680760633925,
  "n_episodes": 500,
  "weight_init": 0.0001031442571861145
}