{
  "lrate_sgd": 0.01629872034329491,
  "n_episodes": 1000,
  "weight_init": 0.0003969738856902426
}