{
  "lrate_hebb": 0.00025849127165983717,
  "lrate_sgd": 0.03791436706299878,
  "n_episodes": 1000,
  "normaliser": 17.677688527548597,
  "sla": 1
}