{
  "lrate_hebb": 0.017633634349530213,
  "lrate_sgd": 0.014651975907054953,
  "n_episodes": 200,
  "normaliser": 10.104992862899808,
  "sla": 1
}