{
  "lrate_hebb": 0.0324902350740983,
  "lrate_sgd": 0.0032157144403708025,
  "n_episodes": 1000,
  "normaliser": 16.38124258107195,
  "sla": 0
}