{
  "lrate_sgd": 0.030675278967361427,
  "n_episodes": 500,
  "weight_init": 0.0002721342895965323
}