{
  "lrate_hebb": 0.0015492583730228814,
  "lrate_sgd": 0.010058287561861215,
  "n_episodes": 500,
  "normaliser": 8.812121763840693,
  "sla": 0
}