{
  "lrate_hebb": 0.0013200783427316327,
  "lrate_sgd": 0.00014422389618444734,
  "n_episodes": 1000,
  "normaliser": 13.621284934773492,
  "sla": 0
}