{
  "lrate_sgd": 0.013366850015670239,
  "n_episodes": 200,
  "weight_init": 0.0008894764585406119
}