{
  "lrate_sgd": 0.056683944894027324,
  "n_episodes": 1000,
  "weight_init": 0.0009268248398489268
}