{
  "lrate_sgd": 0.004977075272728353,
  "n_episodes": 1000,
  "weight_init": 0.0005205871003614068
}