{
  "lrate_hebb": 0.024724683431753363,
  "lrate_sgd": 0.00025884041630890985,
  "n_episodes": 500,
  "normaliser": 11.925800420154976,
  "sla": 1
}