{
  "lrate_sgd": 0.0021825132495151413,
  "n_episodes": 1000,
  "weight_init": 0.0006431693183167229
}