{
  "lrate_sgd": 0.0718934191360585,
  "n_episodes": 200,
  "weight_init": 0.0004903832901397742
}