{
  "lrate_hebb": 0.00010844574967284923,
  "lrate_sgd": 0.00192043207518316,
  "n_episodes": 500,
  "normaliser": 19.779405294514973,
  "sla": 1
}