{
  "lrate_sgd": 0.021139147959357174,
  "n_episodes": 500,
  "weight_init": 0.0006932583709364314
}