{
  "lrate_hebb": 0.0033843239101023774,
  "lrate_sgd": 0.007727075752405627,
  "n_episodes": 200,
  "normaliser": 5.199351468075994,
  "sla": 0
}