{
  "lrate_hebb": 0.011378626109041338,
  "lrate_sgd": 0.0034747667925836886,
  "n_episodes": 500,
  "normaliser": 13.526758709773652,
  "sla": 1
}