{
  "lrate_sgd": 0.09412499783926286,
  "n_episodes": 500,
  "weight_init": 0.0006951562296743576
}