{
  "lrate_sgd": 0.00854694040453074,
  "n_episodes": 200,
  "weight_init": 0.00015143256025816358
}