{
  "lrate_sgd": 0.002877071747867879,
  "n_episodes": 500,
  "weight_init": 0.0007215076655483966
}