{
  "lrate_hebb": 0.00024004178447744402,
  "lrate_sgd": 0.00022846506145939998,
  "n_episodes": 200,
  "normaliser": 18.806465331227013,
  "sla": 1
}