{
  "lrate_sgd": 0.029515974751764543,
  "n_episodes": 1000,
  "weight_init": 0.00023490781056210847
}