{
  "lrate_sgd": 0.0061347573107527805,
  "n_episodes": 1000,
  "weight_init": 0.0007421870405991273
}