{
  "lrate_sgd": 0.023216160964866672,
  "n_episodes": 500,
  "weight_init": 0.00024236072535687144
}