{
  "lrate_hebb": 0.0974867845599381,
  "lrate_sgd": 0.011228055879570967,
  "n_episodes": 1000,
  "normaliser": 6.847677284821529,
  "sla": 1
}