{
  "lrate_hebb": 0.0004356820528367631,
  "lrate_sgd": 0.01473289859784697,
  "n_episodes": 500,
  "normaliser": 1.2443308349668154,
  "sla": 1
}