{
  "lrate_hebb": 0.004613677315067547,
  "lrate_sgd": 0.002453882767841051,
  "n_episodes": 500,
  "normaliser": 9.78483451222425,
  "sla": 1
}