{
  "lrate_hebb": 0.0005386375717785499,
  "lrate_sgd": 0.00026835737336559706,
  "n_episodes": 500,
  "normaliser": 15.425695922125072,
  "sla": 0
}