{
  "lrate_hebb": 0.0148055461917099,
  "lrate_sgd": 0.02774274135810146,
  "n_episodes": 200,
  "normaliser": 11.416208906945128,
  "sla": 1
}