{
  "lrate_hebb": 0.09994698484662128,
  "lrate_sgd": 0.00013974204823292914,
  "n_episodes": 1000,
  "normaliser": 3.1849155586222753,
  "sla": 0
}