{
  "lrate_sgd": 0.011824896893911497,
  "n_episodes": 500,
  "weight_init": 0.0007186958074173308
}