{
  "lrate_sgd": 0.003719952192256782,
  "n_episodes": 200,
  "weight_init": 0.00022828563775027037
}