{
  "lrate_sgd": 0.030864042899078667,
  "n_episodes": 500,
  "weight_init": 0.0007541111243090879
}