{
  "lrate_sgd": 0.06666918642056698,
  "n_episodes": 500,
  "weight_init": 0.0003961725191592246
}