{
  "lrate_hebb": 0.00019707269648927878,
  "lrate_sgd": 0.00018632964135156232,
  "n_episodes": 200,
  "normaliser": 6.910136344978961,
  "sla": 0
}