{
  "lrate_sgd": 0.0025421256665288114,
  "n_episodes": 200,
  "weight_init": 0.00019419477215966823
}