{
  "lrate_hebb": 0.00169285203879976,
  "lrate_sgd": 0.0014679736361083052,
  "n_episodes": 200,
  "normaliser": 1.3908269642211226,
  "sla": 0
}