{
  "lrate_sgd": 0.00885278884325936,
  "n_episodes": 200,
  "weight_init": 0.0003384065736840056
}