{
  "lrate_sgd": 0.011849954762495318,
  "n_episodes": 500,
  "weight_init": 0.0002318127297129985
}