{
  "lrate_hebb": 0.0005864717645113008,
  "lrate_sgd": 0.019339564502919623,
  "n_episodes": 500,
  "normaliser": 12.606512241227014,
  "sla": 1
}