{
  "lrate_sgd": 0.0038392744222080304,
  "n_episodes": 500,
  "weight_init": 0.0004549243127605806
}