{
  "lrate_sgd": 0.007587698416936549,
  "n_episodes": 1000,
  "weight_init": 0.000427682250919575
}