{
  "lrate_hebb": 0.008584640767222115,
  "lrate_sgd": 0.00013386800548289478,
  "n_episodes": 500,
  "normaliser": 10.3798480247108,
  "sla": 1
}