{
  "lrate_hebb": 0.0002358430317781447,
  "lrate_sgd": 0.0005485815536745835,
  "n_episodes": 200,
  "normaliser": 17.770529907306187,
  "sla": 0
}