{
  "lrate_hebb": 0.0001511504038865287,
  "lrate_sgd": 0.0004228904153409359,
  "n_episodes": 1000,
  "normaliser": 12.632750599142893,
  "sla": 0
}