{
  "lrate_hebb": 0.07310464376790442,
  "lrate_sgd": 0.000488518892011861,
  "n_episodes": 200,
  "normaliser": 1.14705640045669,
  "sla": 1
}