{
  "lrate_sgd": 0.004696064750380416,
  "n_episodes": 500,
  "weight_init": 0.000199544392579395
}