{
  "lrate_sgd": 0.08392518252452733,
  "n_episodes": 500,
  "weight_init": 0.00011980863190285249
}