{
  "lrate_sgd": 0.059457558371876974,
  "n_episodes": 1000,
  "weight_init": 0.00020336177141684332
}