{
  "lrate_hebb": 0.0022809163088580602,
  "lrate_sgd": 0.011376886294693522,
  "n_episodes": 200,
  "normaliser": 3.206457753008009,
  "sla": 0
}