{
  "lrate_sgd": 0.04373060378961682,
  "n_episodes": 500,
  "weight_init": 0.00031604018615259715
}