{
  "lrate_sgd": 0.007516625888544521,
  "n_episodes": 200,
  "weight_init": 0.00024887770383635795
}