{
  "lrate_sgd": 0.0016140504650962659,
  "n_episodes": 1000,
  "weight_init": 0.0006474486324660955
}