{
  "lrate_sgd": 0.07566176872468837,
  "n_episodes": 200,
  "weight_init": 0.000665141111857995
}