{
  "lrate_hebb": 0.01930740057628122,
  "lrate_sgd": 0.0025589250923094297,
  "n_episodes": 1000,
  "normaliser": 10.925667864474741,
  "sla": 1
}