{
  "lrate_sgd": 0.0010662552445260787,
  "n_episodes": 200,
  "weight_init": 0.0002041925796709975
}