{
  "lrate_sgd": 0.057598922413178225,
  "n_episodes": 500,
  "weight_init": 0.0008286289685100397
}