{
  "lrate_hebb": 0.00011556492900090856,
  "lrate_sgd": 0.0004337681428841547,
  "n_episodes": 1000,
  "normaliser": 14.21161030844893,
  "sla": 0
}