{
  "lrate_sgd": 0.004042753982009062,
  "n_episodes": 200,
  "weight_init": 0.0005850194060479419
}