{
  "lrate_sgd": 0.035284139391143096,
  "n_episodes": 500,
  "weight_init": 0.0009204902044888811
}