{
  "lrate_hebb": 0.0001736914614325181,
  "lrate_sgd": 0.014145361983505663,
  "n_episodes": 1000,
  "normaliser": 3.8265966907272166,
  "sla": 1
}