{
  "lrate_sgd": 0.0026487770476363278,
  "n_episodes": 1000,
  "weight_init": 0.0006670976156198147
}