{
  "lrate_hebb": 0.00013342938820376458,
  "lrate_sgd": 0.03656317525711185,
  "n_episodes": 200,
  "normaliser": 9.407220527966501,
  "sla": 1
}