{
  "lrate_sgd": 0.0036407083308901264,
  "n_episodes": 1000,
  "weight_init": 0.00017092520743596952
}