{
  "lrate_sgd": 0.0038240115590312835,
  "n_episodes": 500,
  "weight_init": 0.00021367312274139005
}