{
  "lrate_hebb": 0.0019457338355378163,
  "lrate_sgd": 0.005549786323387122,
  "n_episodes": 1000,
  "normaliser": 18.70687925102401,
  "sla": 0
}