{
  "lrate_hebb": 0.034845980268486905,
  "lrate_sgd": 0.0015561715442750218,
  "n_episodes": 1000,
  "normaliser": 16.364778015313675,
  "sla": 1
}