{
  "lrate_hebb": 0.019149612775772935,
  "lrate_sgd": 0.002360426220415781,
  "n_episodes": 1000,
  "normaliser": 6.139193650382477,
  "sla": 0
}