{
  "lrate_sgd": 0.018691901657538184,
  "n_episodes": 200,
  "weight_init": 0.00025257418501996315
}