{
  "lrate_hebb": 0.00010849738211121397,
  "lrate_sgd": 0.00048332161509697584,
  "n_episodes": 1000,
  "normaliser": 7.545813960703232,
  "sla": 0
}