{
  "lrate_hebb": 0.00023128983186589827,
  "lrate_sgd": 0.019042180784014567,
  "n_episodes": 1000,
  "normaliser": 15.166205078924166,
  "sla": 0
}