{
  "lrate_sgd": 0.005926984823179386,
  "n_episodes": 500,
  "weight_init": 0.0002900507095584239
}