{
  "lrate_hebb": 0.001135321294618153,
  "lrate_sgd": 0.05946804872750233,
  "n_episodes": 500,
  "normaliser": 3.143624451388563,
  "sla": 1
}