{
  "lrate_hebb": 0.013460717992222105,
  "lrate_sgd": 0.00032001126743104084,
  "n_episodes": 500,
  "normaliser": 8.878953623336493,
  "sla": 1
}