{
  "lrate_hebb": 0.0006858153680006372,
  "lrate_sgd": 0.00025586959197742713,
  "n_episodes": 1000,
  "normaliser": 13.463070845753982,
  "sla": 1
}