{
  "lrate_sgd": 0.0017471166937620178,
  "n_episodes": 500,
  "weight_init": 0.0007523229750991986
}