{
  "lrate_hebb": 0.0002170491788791821,
  "lrate_sgd": 0.011411636617770868,
  "n_episodes": 200,
  "normaliser": 17.05922377706651,
  "sla": 0
}