{
  "lrate_sgd": 0.001196271029757174,
  "n_episodes": 200,
  "weight_init": 0.00022185029677183315
}