{
  "lrate_hebb": 0.0003920602175485608,
  "lrate_sgd": 0.005669888242178929,
  "n_episodes": 200,
  "normaliser": 6.622761053419927,
  "sla": 0
}