{
  "lrate_hebb": 0.002771516536292082,
  "lrate_sgd": 0.07956132223553879,
  "n_episodes": 1000,
  "normaliser": 6.034225180698697,
  "sla": 1
}