{
  "lrate_hebb": 0.0018987291914899338,
  "lrate_sgd": 0.0003637568738154692,
  "n_episodes": 1000,
  "normaliser": 3.30938430587865,
  "sla": 0
}