{
  "lrate_sgd": 0.008696090164734884,
  "n_episodes": 500,
  "weight_init": 0.00025263198531237516
}