{
  "lrate_hebb": 0.00011819287548647835,
  "lrate_sgd": 0.000794220161056289,
  "n_episodes": 500,
  "normaliser": 5.396563168008152,
  "sla": 1
}