{
  "lrate_hebb": 0.00046784871354833493,
  "lrate_sgd": 0.00480198648172713,
  "n_episodes": 500,
  "normaliser": 17.235896173073414,
  "sla": 0
}