{
  "lrate_sgd": 0.04469796390043726,
  "n_episodes": 200,
  "weight_init": 0.0001912427407491591
}