{
  "lrate_hebb": 0.00037185593804094785,
  "lrate_sgd": 0.0019878945820911475,
  "n_episodes": 1000,
  "normaliser": 11.086805981547514,
  "sla": 0
}