{
  "lrate_sgd": 0.003644793685870713,
  "n_episodes": 1000,
  "weight_init": 0.0001460793977663631
}