{
  "lrate_sgd": 0.017847884614764508,
  "n_episodes": 1000,
  "weight_init": 0.00011095130144681838
}