{
  "lrate_sgd": 0.027379360580766756,
  "n_episodes": 1000,
  "weight_init": 0.00043368400165105857
}