{
  "lrate_sgd": 0.028410905914263804,
  "n_episodes": 200,
  "weight_init": 0.0002045396323288684
}