{
  "lrate_hebb": 0.001096215769096573,
  "lrate_sgd": 0.0008188639551753687,
  "n_episodes": 1000,
  "normaliser": 8.080148450966096,
  "sla": 0
}