{
  "lrate_sgd": 0.07354275464613885,
  "n_episodes": 500,
  "weight_init": 0.00014679688636362392
}