{
  "lrate_hebb": 0.0012260084959831333,
  "lrate_sgd": 0.00017690633993964466,
  "n_episodes": 1000,
  "normaliser": 16.11213224159513,
  "sla": 1
}