{
  "lrate_hebb": 0.006685956913480335,
  "lrate_sgd": 0.00016869626943777398,
  "n_episodes": 500,
  "normaliser": 5.565122379465331,
  "sla": 0
}