{
  "lrate_hebb": 0.09166729682417656,
  "lrate_sgd": 0.04866687736346598,
  "n_episodes": 1000,
  "normaliser": 1.9301951444929495,
  "sla": 0
}