{
  "lrate_sgd": 0.0010716015396299659,
  "n_episodes": 1000,
  "weight_init": 0.0008182827330401673
}