{
  "lrate_hebb": 0.001091267691742982,
  "lrate_sgd": 0.09038119824925844,
  "n_episodes": 200,
  "normaliser": 12.421346069594597,
  "sla": 0
}