{
  "lrate_sgd": 0.07755245222227983,
  "n_episodes": 1000,
  "weight_init": 0.0005016835114368863
}