{
  "lrate_hebb": 0.021550919518271996,
  "lrate_sgd": 0.09913369886409101,
  "n_episodes": 500,
  "normaliser": 4.525549956917866,
  "sla": 1
}