{
  "lrate_sgd": 0.032542515749209286,
  "n_episodes": 500,
  "weight_init": 0.00011976485009720627
}