{
  "lrate_hebb": 0.024113091176620503,
  "lrate_sgd": 0.012911889591364778,
  "n_episodes": 500,
  "normaliser": 4.986136858236654,
  "sla": 0
}