{
  "lrate_hebb": 0.009745953861837148,
  "lrate_sgd": 0.0012008609111419555,
  "n_episodes": 1000,
  "normaliser": 8.178344429129833,
  "sla": 1
}