{
  "lrate_sgd": 0.0035881164892481257,
  "n_episodes": 500,
  "weight_init": 0.00013493646004025163
}