{
  "lrate_hebb": 0.00030943698690946844,
  "lrate_sgd": 0.0012247759249307333,
  "n_episodes": 500,
  "normaliser": 12.310346702406989,
  "sla": 1
}