{
  "lrate_sgd": 0.022151722856412516,
  "n_episodes": 1000,
  "weight_init": 0.000112832655581744
}