{
  "lrate_sgd": 0.024947188454474918,
  "n_episodes": 500,
  "weight_init": 0.0003569442720080064
}