{
  "lrate_hebb": 0.0013197564911104308,
  "lrate_sgd": 0.0004394547617090989,
  "n_episodes": 1000,
  "normaliser": 2.86540605161366,
  "sla": 0
}