{
  "lrate_sgd": 0.0018712086869520836,
  "n_episodes": 1000,
  "weight_init": 0.000499396456944337
}