{
  "lrate_sgd": 0.014026781867942041,
  "n_episodes": 500,
  "weight_init": 0.0009891943880612215
}