{
  "lrate_hebb": 0.009178319913983123,
  "lrate_sgd": 0.0021140247856210577,
  "n_episodes": 200,
  "normaliser": 9.932832248762562,
  "sla": 0
}