{
  "lrate_sgd": 0.046497208671271315,
  "n_episodes": 500,
  "weight_init": 0.0002641072321982895
}