{
  "lrate_sgd": 0.011765570106531013,
  "n_episodes": 1000,
  "weight_init": 0.0006839136504463506
}