{
  "lrate_sgd": 0.005019521503413847,
  "n_episodes": 500,
  "weight_init": 0.0006697869898783152
}