{
  "lrate_sgd": 0.014243184441301451,
  "n_episodes": 200,
  "weight_init": 0.00012616241938325304
}