{
  "lrate_sgd": 0.012914048310443607,
  "n_episodes": 200,
  "weight_init": 0.00014779730748425794
}