{
  "lrate_hebb": 0.00022509772198637878,
  "lrate_sgd": 0.012013982335321671,
  "n_episodes": 500,
  "normaliser": 2.499803910753643,
  "sla": 1
}