{
  "lrate_sgd": 0.001896120955054611,
  "n_episodes": 1000,
  "weight_init": 0.0004192305792240107
}