{
  "lrate_sgd": 0.09903152754815656,
  "n_episodes": 1000,
  "weight_init": 0.0004156759515358331
}