{
  "lrate_sgd": 0.0030413042599715047,
  "n_episodes": 1000,
  "weight_init": 0.0003877444688120232
}