{
  "lrate_hebb": 0.00719840140224144,
  "lrate_sgd": 0.004215479040773906,
  "n_episodes": 1000,
  "normaliser": 7.577475503389741,
  "sla": 1
}