{
  "lrate_hebb": 0.07999256079031887,
  "lrate_sgd": 0.0026772373324629793,
  "n_episodes": 500,
  "normaliser": 17.524584763067416,
  "sla": 1
}