{
  "lrate_hebb": 0.0005114392701352283,
  "lrate_sgd": 0.017260518105313465,
  "n_episodes": 500,
  "normaliser": 11.327331836747462,
  "sla": 0
}