{
  "lrate_hebb": 0.02519145313112437,
  "lrate_sgd": 0.0011745452956656928,
  "n_episodes": 1000,
  "normaliser": 2.7995393778311994,
  "sla": 1
}