{
  "lrate_hebb": 0.010867623462584727,
  "lrate_sgd": 0.00034223437274895943,
  "n_episodes": 500,
  "normaliser": 17.469712289304656,
  "sla": 1
}