{
  "lrate_hebb": 0.003441618160079372,
  "lrate_sgd": 0.009123320443662633,
  "n_episodes": 200,
  "normaliser": 19.595680039671524,
  "sla": 1
}