{
  "lrate_hebb": 0.0011600149152062506,
  "lrate_sgd": 0.000474398670998835,
  "n_episodes": 200,
  "normaliser": 19.72868756094963,
  "sla": 1
}