{
  "lrate_sgd": 0.02486161602655777,
  "n_episodes": 1000,
  "weight_init": 0.0001314468286387501
}