{
  "lrate_hebb": 0.011809416361431166,
  "lrate_sgd": 0.0005380833410081593,
  "n_episodes": 1000,
  "normaliser": 5.946632001820651,
  "sla": 1
}