{
  "lrate_hebb": 0.012845132985086568,
  "lrate_sgd": 0.0033954671146880695,
  "n_episodes": 200,
  "normaliser": 1.7470339513224884,
  "sla": 1
}