{
  "lrate_hebb": 0.0032174675212228465,
  "lrate_sgd": 0.0005312517888806069,
  "n_episodes": 1000,
  "normaliser": 9.417618038900219,
  "sla": 0
}