{
  "lrate_hebb": 0.004358013668444025,
  "lrate_sgd": 0.03846686416495288,
  "n_episodes": 1000,
  "normaliser": 1.7623781149567064,
  "sla": 0
}