{
  "lrate_hebb": 0.02262675784982105,
  "lrate_sgd": 0.06405222959783073,
  "n_episodes": 200,
  "normaliser": 6.094744582064394,
  "sla": 1
}