{
  "lrate_sgd": 0.08523080766460266,
  "n_episodes": 500,
  "weight_init": 0.0002387136568286469
}