{
  "lrate_hebb": 0.024668481923370747,
  "lrate_sgd": 0.0003265001185723872,
  "n_episodes": 200,
  "normaliser": 4.904081240320079,
  "sla": 0
}