{
  "lrate_hebb": 0.09763542727352219,
  "lrate_sgd": 0.07283447405265284,
  "n_episodes": 1000,
  "normaliser": 10.522547467163664,
  "sla": 0
}