{
  "lrate_sgd": 0.05297396801057786,
  "n_episodes": 200,
  "weight_init": 0.00022622250154593265
}