{
  "lrate_hebb": 0.05426739605877675,
  "lrate_sgd": 0.0414034065901233,
  "n_episodes": 1000,
  "normaliser": 18.875424909183806,
  "sla": 0
}