{
  "lrate_hebb": 0.018613450837000226,
  "lrate_sgd": 0.004861518806800215,
  "n_episodes": 1000,
  "normaliser": 12.720078350835024,
  "sla": 1
}