{
  "lrate_hebb": 0.00023888607284293882,
  "lrate_sgd": 0.00034718375302051973,
  "n_episodes": 1000,
  "normaliser": 2.9825099789292224,
  "sla": 0
}