{
  "lrate_hebb": 0.0006176008724117821,
  "lrate_sgd": 0.001705427136343431,
  "n_episodes": 1000,
  "normaliser": 15.41934396029547,
  "sla": 0
}