{
  "lrate_sgd": 0.025629841236376554,
  "n_episodes": 1000,
  "weight_init": 0.00018751593026425102
}