{
  "lrate_sgd": 0.053134321850249605,
  "n_episodes": 500,
  "weight_init": 0.0005517904273089313
}