{
  "lrate_hebb": 0.01499847301944726,
  "lrate_sgd": 0.0007126017917932176,
  "n_episodes": 1000,
  "normaliser": 19.61697291580052,
  "sla": 1
}