{
  "lrate_sgd": 0.04328585628083314,
  "n_episodes": 1000,
  "weight_init": 0.0002228928344281545
}