{
  "lrate_sgd": 0.004258013779840179,
  "n_episodes": 1000,
  "weight_init": 0.0009065314610338213
}