{
  "lrate_sgd": 0.005377507379281235,
  "n_episodes": 500,
  "weight_init": 0.00014789683080259532
}