{
  "lrate_hebb": 0.0005627493923864925,
  "lrate_sgd": 0.0017976571793697539,
  "n_episodes": 200,
  "normaliser": 11.763157410412568,
  "sla": 1
}