{
  "lrate_hebb": 0.001109574510017353,
  "lrate_sgd": 0.03773058962264794,
  "n_episodes": 200,
  "normaliser": 7.266412171996446,
  "sla": 0
}