{
  "lrate_hebb": 0.012891136343319058,
  "lrate_sgd": 0.005681259191260855,
  "n_episodes": 1000,
  "normaliser": 8.430426762552418,
  "sla": 0
}