{
  "lrate_sgd": 0.0015473228745973503,
  "n_episodes": 200,
  "weight_init": 0.00017781424330739573
}