{
  "lrate_sgd": 0.003081824576036868,
  "n_episodes": 200,
  "weight_init": 0.00038319095979402816
}