{
  "lrate_hebb": 0.0052642158429356605,
  "lrate_sgd": 0.0657179776962893,
  "n_episodes": 500,
  "normaliser": 9.698620136842388,
  "sla": 1
}