{
  "lrate_hebb": 0.00013380563144067663,
  "lrate_sgd": 0.00011486556280824515,
  "n_episodes": 500,
  "normaliser": 13.989727458824339,
  "sla": 1
}