{
  "lrate_sgd": 0.09656322126678585,
  "n_episodes": 1000,
  "weight_init": 0.00023259641236306197
}