{
  "lrate_hebb": 0.0318074445807325,
  "lrate_sgd": 0.0002532724658607575,
  "n_episodes": 500,
  "normaliser": 11.307549139579434,
  "sla": 0
}