{
  "lrate_hebb": 0.010100233646802962,
  "lrate_sgd": 0.00027370562153266746,
  "n_episodes": 200,
  "normaliser": 14.962003397059396,
  "sla": 1
}