{
  "lrate_hebb": 0.0008131207156553816,
  "lrate_sgd": 0.0007084996742474086,
  "n_episodes": 200,
  "normaliser": 17.749086470771495,
  "sla": 1
}