{
  "lrate_sgd": 0.02454738202481846,
  "n_episodes": 500,
  "weight_init": 0.0004064359147081547
}