{
  "lrate_hebb": 0.0070503368496928585,
  "lrate_sgd": 0.001116360872278129,
  "n_episodes": 200,
  "normaliser": 16.36544374838997,
  "sla": 0
}