{
  "lrate_hebb": 0.00018376097953493135,
  "lrate_sgd": 0.0005278429681117784,
  "n_episodes": 500,
  "normaliser": 12.552693116678613,
  "sla": 1
}