{
  "lrate_sgd": 0.009020652160301826,
  "n_episodes": 1000,
  "weight_init": 0.00038889799822616956
}