{
  "lrate_sgd": 0.07268212041250553,
  "n_episodes": 500,
  "weight_init": 0.0006525991081471237
}