{
  "lrate_hebb": 0.00035701235984181886,
  "lrate_sgd": 0.0008343807418964728,
  "n_episodes": 500,
  "normaliser": 12.375491583791966,
  "sla": 0
}