{
  "lrate_hebb": 0.00023919752945524396,
  "lrate_sgd": 0.01855166528466721,
  "n_episodes": 200,
  "normaliser": 1.3716531265904457,
  "sla": 0
}