{
  "lrate_hebb": 0.0007911004037563606,
  "lrate_sgd": 0.05035247302638973,
  "n_episodes": 1000,
  "normaliser": 10.592074070272856,
  "sla": 1
}