{
  "lrate_hebb": 0.00652604307720547,
  "lrate_sgd": 0.03615184560315575,
  "n_episodes": 1000,
  "normaliser": 14.24845743994274,
  "sla": 1
}