{
  "lrate_sgd": 0.002069405742588798,
  "n_episodes": 1000,
  "weight_init": 0.0006833155656156552
}