{
  "lrate_sgd": 0.04297479100987684,
  "n_episodes": 200,
  "weight_init": 0.0002702861023474236
}