{
  "lrate_sgd": 0.0021241148816061772,
  "n_episodes": 200,
  "weight_init": 0.0003711057280879898
}