{
  "lrate_sgd": 0.035089449645019054,
  "n_episodes": 200,
  "weight_init": 0.00022711097022132463
}