{
  "lrate_sgd": 0.0015423380006725535,
  "n_episodes": 500,
  "weight_init": 0.000278431137042867
}