{
  "lrate_sgd": 0.002006807864559905,
  "n_episodes": 200,
  "weight_init": 0.0001255604106684653
}