{
  "lrate_hebb": 0.0008352190813978082,
  "lrate_sgd": 0.012117943274792181,
  "n_episodes": 200,
  "normaliser": 4.2167231339419295,
  "sla": 0
}