{
  "lrate_sgd": 0.07584670279025504,
  "n_episodes": 500,
  "weight_init": 0.0003900492202198721
}