{
  "lrate_hebb": 0.009630421351897445,
  "lrate_sgd": 0.004148722392585446,
  "n_episodes": 200,
  "normaliser": 3.5244673409823717,
  "sla": 0
}