{
  "lrate_sgd": 0.0015871897523873062,
  "n_episodes": 500,
  "weight_init": 0.00019698588469610468
}