{
  "lrate_hebb": 0.0003829421434749999,
  "lrate_sgd": 0.08739322857428546,
  "n_episodes": 1000,
  "normaliser": 6.29189090634565,
  "sla": 0
}