{
  "lrate_sgd": 0.009779984012896998,
  "n_episodes": 1000,
  "weight_init": 0.0004884257093998157
}