{
  "lrate_hebb": 0.00013100175575091953,
  "lrate_sgd": 0.00010117317221042596,
  "n_episodes": 200,
  "normaliser": 1.58785829791126,
  "sla": 0
}