{
  "lrate_sgd": 0.08354247846023144,
  "n_episodes": 1000,
  "weight_init": 0.0006236318648433539
}