{
  "lrate_hebb": 0.01620402683996956,
  "lrate_sgd": 0.0009817285256618889,
  "n_episodes": 200,
  "normaliser": 1.2118322387852114,
  "sla": 0
}