{
  "lrate_hebb": 0.00012668226140182058,
  "lrate_sgd": 0.0004376084680990147,
  "n_episodes": 1000,
  "normaliser": 4.555911681298909,
  "sla": 1
}