{
  "lrate_hebb": 0.012741097318668388,
  "lrate_sgd": 0.039123880049506614,
  "n_episodes": 1000,
  "normaliser": 12.763236743953003,
  "sla": 1
}