{
  "lrate_hebb": 0.002996930108874961,
  "lrate_sgd": 0.060458301178232025,
  "n_episodes": 500,
  "normaliser": 12.539623201208626,
  "sla": 1
}