{
  "lrate_hebb": 0.07672266946875554,
  "lrate_sgd": 0.0004347818719195459,
  "n_episodes": 200,
  "normaliser": 19.77582002217945,
  "sla": 1
}