{
  "lrate_hebb": 0.0004136661082140129,
  "lrate_sgd": 0.004972688337380097,
  "n_episodes": 1000,
  "normaliser": 1.0771551650305338,
  "sla": 0
}