{
  "lrate_sgd": 0.0029276200234998532,
  "n_episodes": 500,
  "weight_init": 0.00031341922398170146
}