{
  "lrate_hebb": 0.007521824920358016,
  "lrate_sgd": 0.0074301346314059775,
  "n_episodes": 1000,
  "normaliser": 15.767575023925517,
  "sla": 1
}