{
  "lrate_hebb": 0.0010169659105049777,
  "lrate_sgd": 0.0006751364907464936,
  "n_episodes": 200,
  "normaliser": 1.5200721569624676,
  "sla": 1
}