{
  "lrate_hebb": 0.0003094203466325339,
  "lrate_sgd": 0.025228081767533862,
  "n_episodes": 500,
  "normaliser": 6.0184013400528995,
  "sla": 0
}