{
  "lrate_hebb": 0.0006449901630367711,
  "lrate_sgd": 0.00034134539739402703,
  "n_episodes": 1000,
  "normaliser": 6.686530191255895,
  "sla": 0
}