{
  "lrate_sgd": 0.010667894969641876,
  "n_episodes": 200,
  "weight_init": 0.00021994373246836974
}