{
  "lrate_sgd": 0.022934644674450496,
  "n_episodes": 1000,
  "weight_init": 0.00019946092897715396
}