{
  "lrate_sgd": 0.0071374352734819395,
  "n_episodes": 1000,
  "weight_init": 0.0006505993540553071
}