{
  "lrate_hebb": 0.0012541809559638091,
  "lrate_sgd": 0.0818819294450008,
  "n_episodes": 1000,
  "normaliser": 9.390830323595235,
  "sla": 0
}