{
  "lrate_hebb": 0.0004817905896905269,
  "lrate_sgd": 0.011843725524180778,
  "n_episodes": 500,
  "normaliser": 16.739595508111453,
  "sla": 0
}