{
  "lrate_sgd": 0.027018192127585872,
  "n_episodes": 500,
  "weight_init": 0.00012328733177653683
}