{
  "lrate_sgd": 0.08837450172767014,
  "n_episodes": 1000,
  "weight_init": 0.0001491937160260773
}