{
  "lrate_sgd": 0.04318219382244575,
  "n_episodes": 500,
  "weight_init": 0.00010806414200301692
}