{
  "lrate_hebb": 0.0015288316997390434,
  "lrate_sgd": 0.002408037394761593,
  "n_episodes": 200,
  "normaliser": 18.071881304749642,
  "sla": 1
}