{
  "lrate_hebb": 0.07429918341777356,
  "lrate_sgd": 0.0022354211417304148,
  "n_episodes": 1000,
  "normaliser": 5.480071724267466,
  "sla": 0
}