{
  "lrate_hebb": 0.00010985596127060921,
  "lrate_sgd": 0.0002681097655846819,
  "n_episodes": 200,
  "normaliser": 7.189289015961203,
  "sla": 1
}