{
  "lrate_hebb": 0.00013215519687280773,
  "lrate_sgd": 0.0025264679730759537,
  "n_episodes": 500,
  "normaliser": 7.665239191989276,
  "sla": 1
}