{
  "lrate_hebb": 0.05285256561642317,
  "lrate_sgd": 0.00047898453146842906,
  "n_episodes": 1000,
  "normaliser": 6.42318194815619,
  "sla": 0
}