{
  "lrate_sgd": 0.0025500015914308,
  "n_episodes": 1000,
  "weight_init": 0.0004895964518037145
}