{
  "lrate_sgd": 0.02705711418365407,
  "n_episodes": 1000,
  "weight_init": 0.0007549338455444363
}