{
  "lrate_sgd": 0.04713039177589875,
  "n_episodes": 500,
  "weight_init": 0.000184050684062476
}