{
  "lrate_sgd": 0.015436619342968373,
  "n_episodes": 200,
  "weight_init": 0.0001747771771971758
}