{
  "lrate_hebb": 0.056327067177913984,
  "lrate_sgd": 0.0009985634774159291,
  "n_episodes": 1000,
  "normaliser": 17.679130370569965,
  "sla": 1
}