{
  "lrate_hebb": 0.00013397710600934065,
  "lrate_sgd": 0.00012017329447917664,
  "n_episodes": 500,
  "normaliser": 1.652787279104754,
  "sla": 1
}