{
  "lrate_hebb": 0.0001172748250179328,
  "lrate_sgd": 0.0001037203285706694,
  "n_episodes": 1000,
  "normaliser": 12.311258440951072,
  "sla": 1
}