{
  "lrate_sgd": 0.01885359296181312,
  "n_episodes": 200,
  "weight_init": 0.0002458060985837536
}