{
  "lrate_hebb": 0.06832715292101244,
  "lrate_sgd": 0.00016879125932805721,
  "n_episodes": 1000,
  "normaliser": 2.550173612534181,
  "sla": 1
}