{
  "lrate_hebb": 0.0024846915327530255,
  "lrate_sgd": 0.0007903941393286024,
  "n_episodes": 1000,
  "normaliser": 17.573992296418915,
  "sla": 1
}