{
  "lrate_hebb": 0.0001936406901174049,
  "lrate_sgd": 0.0009972640014927613,
  "n_episodes": 1000,
  "normaliser": 14.753886640792508,
  "sla": 1
}