{
  "lrate_hebb": 0.0005848423971702584,
  "lrate_sgd": 0.001996435664223748,
  "n_episodes": 500,
  "normaliser": 1.6058825438329358,
  "sla": 1
}