{
  "lrate_hebb": 0.027924592319532062,
  "lrate_sgd": 0.0018750084005161626,
  "n_episodes": 1000,
  "normaliser": 13.258485421957921,
  "sla": 0
}