{
  "lrate_sgd": 0.0036618549340339387,
  "n_episodes": 1000,
  "weight_init": 0.00013680485246182357
}