{
  "lrate_sgd": 0.07683706503899793,
  "n_episodes": 500,
  "weight_init": 0.00025785340266913317
}