{
  "lrate_sgd": 0.02048867111914212,
  "n_episodes": 1000,
  "weight_init": 0.0005316499705539512
}