{
  "lrate_sgd": 0.045206107909708325,
  "n_episodes": 1000,
  "weight_init": 0.0003695477449136396
}