{
  "lrate_sgd": 0.008606501387533114,
  "n_episodes": 1000,
  "weight_init": 0.00020184524038185833
}