{
  "lrate_sgd": 0.004425160864254689,
  "n_episodes": 500,
  "weight_init": 0.00011448606323919776
}