{
  "lrate_sgd": 0.01744848040593728,
  "n_episodes": 1000,
  "weight_init": 0.0004902460911593793
}