{
  "lrate_hebb": 0.0019157561560448249,
  "lrate_sgd": 0.0007239984582075636,
  "n_episodes": 1000,
  "normaliser": 12.696544356794616,
  "sla": 0
}