{
  "lrate_sgd": 0.04687216034323791,
  "n_episodes": 500,
  "weight_init": 0.0003109419740782046
}