{
  "lrate_hebb": 0.0005641553569670989,
  "lrate_sgd": 0.0025423882512947004,
  "n_episodes": 200,
  "normaliser": 18.856101700444828,
  "sla": 1
}