{
  "lrate_sgd": 0.005580252061780585,
  "n_episodes": 200,
  "weight_init": 0.00010914414720782695
}