{
  "lrate_sgd": 0.0011370723519554212,
  "n_episodes": 500,
  "weight_init": 0.0002018448368239503
}