{
  "lrate_hebb": 0.0007815332117717048,
  "lrate_sgd": 0.00020010017883865798,
  "n_episodes": 200,
  "normaliser": 6.315060293500695,
  "sla": 1
}