{
  "lrate_hebb": 0.03799662902575884,
  "lrate_sgd": 0.003274469741866417,
  "n_episodes": 500,
  "normaliser": 17.15692702989027,
  "sla": 1
}