{
  "lrate_hebb": 0.09283012689334641,
  "lrate_sgd": 0.013110773732972656,
  "n_episodes": 1000,
  "normaliser": 8.588217916317497,
  "sla": 1
}