{
  "lrate_sgd": 0.001399720988534379,
  "n_episodes": 200,
  "weight_init": 0.0005315691237021252
}