{
  "lrate_hebb": 0.030340918662156532,
  "lrate_sgd": 0.02107281952122194,
  "n_episodes": 1000,
  "normaliser": 16.32090769678705,
  "sla": 0
}