{
  "lrate_hebb": 0.00016858095962292468,
  "lrate_sgd": 0.017687345339042235,
  "n_episodes": 200,
  "normaliser": 18.669168389865014,
  "sla": 0
}