{
  "lrate_hebb": 0.00038995009123724434,
  "lrate_sgd": 0.010885171986338071,
  "n_episodes": 1000,
  "normaliser": 6.315473725279315,
  "sla": 0
}