{
  "lrate_hebb": 0.010310863462847646,
  "lrate_sgd": 0.01271766642769305,
  "n_episodes": 1000,
  "normaliser": 14.61285008281369,
  "sla": 1
}