{
  "lrate_hebb": 0.01893473679874623,
  "lrate_sgd": 0.00038090777915759336,
  "n_episodes": 1000,
  "normaliser": 9.527992227950831,
  "sla": 0
}