{
  "lrate_sgd": 0.03504912830899531,
  "n_episodes": 1000,
  "weight_init": 0.00013515688418800143
}