{
  "lrate_hebb": 0.00015583803961485216,
  "lrate_sgd": 0.06918759514694095,
  "n_episodes": 1000,
  "normaliser": 15.907957140921155,
  "sla": 0
}