{
  "lrate_hebb": 0.05440107940590463,
  "lrate_sgd": 0.03215958279164934,
  "n_episodes": 1000,
  "normaliser": 17.51366311353768,
  "sla": 0
}