{
  "lrate_hebb": 0.00018645983047416962,
  "lrate_sgd": 0.016011244648994814,
  "n_episodes": 500,
  "normaliser": 12.267834864918775,
  "sla": 0
}