{
  "lrate_sgd": 0.04661738611771517,
  "n_episodes": 500,
  "weight_init": 0.000725516817932459
}