{
  "lrate_hebb": 0.00013250304181829667,
  "lrate_sgd": 0.00017448637575186775,
  "n_episodes": 200,
  "normaliser": 8.28877713826148,
  "sla": 1
}