{
  "lrate_sgd": 0.006269534651783754,
  "n_episodes": 200,
  "weight_init": 0.0002830583679127249
}