{
  "lrate_hebb": 0.0012353228729800848,
  "lrate_sgd": 0.003842071298600647,
  "n_episodes": 1000,
  "normaliser": 13.010077756335313,
  "sla": 1
}