{
  "lrate_sgd": 0.021193169252690467,
  "n_episodes": 200,
  "weight_init": 0.0007546690866396079
}