{
  "lrate_sgd": 0.03138583035966087,
  "n_episodes": 500,
  "weight_init": 0.00019757079822340905
}