{
  "lrate_hebb": 0.0210739459551576,
  "lrate_sgd": 0.0009613308749553389,
  "n_episodes": 500,
  "normaliser": 9.795874995942167,
  "sla": 0
}