{
  "lrate_hebb": 0.00046424081010002275,
  "lrate_sgd": 0.0004933547113038934,
  "n_episodes": 500,
  "normaliser": 9.781010981551244,
  "sla": 0
}